Ref,Folder,Use case,Description,Model used,Data needed,Source
M01,detection_of_compromised_accounts,Detection of compromised accounts,"A machine learning model can detect anomalies in user login patterns that indicate compromised accounts. ML identifies unusual login patterns, such as unusual times, locations, or device types, which are strong indicators of account takeover attempts. By learning from recent login data, ML can adapt to detect sophisticated attacks, like credential stuffing or lateral movement, that might evade static detection rules. Compare current login behaviors against personalized user baselines and find potential compromise.",,"AD logs, EDR logs, windows events",https://github.com/THORCollective/HEARTH/blob/main/Alchemy/M001.md
M02,beaconing_behavior_in_dns_traffic_detect_c2_channels_that_evade_signature_based_detection,Beaconing behavior in DNS traffic (Detect C2 channels that evade signature-based detection),Detection of Cobalt Strike beaconing to a C2 server. Model flags hosts with near-constant intervals between outbound connections. Hunter investigates destination IP/domain reputation and process lineage.,"time-series clustering or periodicity detection (e.g., Fourier Transform or ML-based sequence models) to network flows.",DNS logs,https://github.com/THORCollective/HEARTH/blob/main/Alchemy/M002.md
M03,data_exfiltration_detection_with_unusual_outbound_traffic_volume,Data exfiltration detection with unusual outbound traffic volume,Data exfiltration is a significant threat where sensitive information is transferred outside the organization. Analyzing byte sizes of outbound traffic can help detect unusual patterns that may indicate unauthorized data transfer. Correlate unusual byte sizes and spikes in outbound traffic volume during non-standard business hours focusing on file extensions known for containing sensitive information.,,,https://github.com/THORCollective/HEARTH/blob/main/Alchemy/M003.md
M04,database_query_anomalies,Database query anomalies,"Machine learning models can identify database query anomalies indicating potential data manipulation or exfiltration activity. If a user or system executes an unusually high number of data modification queries (e.gl, INSERT, UPDATE, DELETE) within a short timeframe, particularly in sensitive databases, it may indicate potential data manipulation or exfiltration activities.",,DB logs,https://github.com/THORCollective/HEARTH/blob/main/Alchemy/M004.md
M05,identifying_malicious_base64_encoded_payloads_in_scripts,Identifying malicious base64 encoded payloads in scripts,"Encoded commands and scripts are more difficult to signature and analyze. Machine learning models can detect and decode Base64 commands, flag unusually long commands, and detect commands that match patterns of obfuscation. A number of adversaries have used Base64 to obfuscate commands and scripts, including APT19, Wizard Spider, and Fox Kitten. It is also a feature of remote access tools such as ComRAT and DarkWatchman.",,EDR logs,https://github.com/THORCollective/HEARTH/blob/main/Alchemy/M005.md
M06,dictionary_dga_detection_via_supervised_classification,Dictionary DGA detection via Supervised Classification,"Detect potential DNS tunneling and covert data exfiltration by identifying: Very long or high-entropy subdomains (data chunks), Excessive query volume to a single domain (QPS spikes), Periodic beaconing behavior, Abnormal query types often used for tunneling (TXT/NULL/HTTPS), High NXDOMAIN ratio (failed resolution as a potential covert channel)",,,https://github.com/THORCollective/HEARTH/blob/main/Alchemy/M006.md
M07,similarity_analysis_via_clustering_and_text_vectorization,Similarity Analysis via Clustering and Text-vectorization,"Data Collection and Preparation: Gather and encode data into numerical formats to support analysis (e.g., text vectorization or image hashing). Similarity Analysis: Use similarity metrics (e.g., Levenshtein, cosine, or hash-based) to find related patterns or anomalies. Clustering: Apply clustering (e.g., K-means) to group similar items, visualizing patterns and outliers. Prioritization and Investigation: Flag clusters or anomalies for deeper analysis, focusing on items of interest or risk.",,,https://github.com/THORCollective/HEARTH/blob/main/Alchemy/M007.md
M08,cluster_process_parent_child_execution_chains,Cluster process parent-child execution chains,"Cluster process parent-child execution chains across the endpoint fleet to establish baseline lineage frequency, then identify rare or never-seen process trees that deviate from the norm to detect living-off-the-land abuse, novel malware execution, and compromised applications.",,EDR logs,https://github.com/THORCollective/HEARTH/blob/main/Alchemy/M008.md
M09,lateral_movement_host_behavior_profiling,Lateral Movement / Host Behavior Profiling,"Train on host telemetry (processes, registry, network calls) to detect deviations in process or connection patterns that might indicate lateral pivoting or compromise. Note: make sure this is M-ATH and not Baseline hunt.",,EDR logs,https://www.reddit.com/r/learnmachinelearning/comments/ly9vdx/need_help_with_ml_for_security_p/
M10,network_traffic_anomaly_detection,Network Traffic Anomaly Detection,"Use unsupervised models (e.g., clustering, isolation forests) to flag unusual flows, port usage, or spike patterns that may indicate stealthy communication.","clustering, isolation forests",,https://en.wikipedia.org/wiki/Network_behavior_anomaly_detection
M11,rare_process_behavior_scoring,Rare Process Behavior Scoring,"An ML model learns the typical processes and command lines used on specific endpoints. Hunters investigate when: A normally quiet server suddenly launches scripting engines (PowerShell, Python), A process spawns an unusual child (e.g., winword.exe → powershell.exe), Exec frequency changes drastically within a short period.","Frequency-based anomaly detection, time-series models.",,
M12,detection_of_c2_network_beaconing,Detection of C&C network beaconing,"Test a threat-informed hypothesis using a model to separate adversarial beaconing from legitimate periodic traffic. Periodic beaconing (jittered sleep), HTTP(S) with malleable profiles, Named pipe or SMB C2",,,
M13,identify_potential_injections_in_user_agent_string,Identify potential injections in User-agent string,"Create clusters of user-agent, URL length, number of variables passed to the URL, etc and isolate potential malicious/uncommon clusters",clustering,Web server logs / WAF logs,
M14,process_masquerading,Process masquerading,"Hunt for processes using names of known legitimate binaries while exhibiting suspicious behaviors: executing from unusual or unexpected file paths, lacking valid digital signatures, spawning from atypical parent processes, or running with anomalous command-line arguments.",,"EDR logs, windows event logs",
M15,threat_hunting_using_composite_scoring_and_virustotal_telemetry,Threat Hunting Using Composite Scoring and VirusTotal Telemetry,"Apply a composite scoring model to VirusTotal command-line telemetry by combining multiple behavioral features into a single weighted score to help threat hunters prioritize novel or suspicious samples that might otherwise be lost in noisy data. This approach can surface complex, obfuscated commands and guide analysis better than simple detection counts, and explains how the methodology can be extended to internal telemetry for proactive hunting workflows.",composite scoring,VirusTotal threat intelligence,https://detect.fyi/in-the-wild-threat-hunting-using-composite-scoring-and-virustotal-telemetry-53605f27ae17
M16,technique_inference_engine,Technique Inference Engine,"To aid analysts in identifying techniques which may be co-occurring as part of a campaign, we present the Technique Inference Engine, a tool to infer tactics, techniques, and procedures (TTPs) which may be related to existing observations of adversarial behavior. We compile the largest (to our knowledge) available dataset of cyber threat intelligence (CTI) reports labeled with relevant TTPs. With the knowledge that techniques are chronically under-reported in CTI, we apply several implicit feedback recommender models to the data in order to predict additional techniques which may be part of a given campaign. We evaluate the results in the context of the cyber analyst's use case and apply t-SNE to visualize the model embeddings.",Supercharging your threat hunting with LLMs: How to do it efficiently and on a budget,,https://arxiv.org/pdf/2503.04819
M17,detection_of_lolbins_using_llm,Detection of LOLBins using LLM,,,,https://www.researchgate.net/journal/MAKE-2504-4990/publication/390398095_Leveraging_LLMs_for_Non-Security_Experts_in_Threat_Hunting_Detecting_Living_off_the_Land_Techniques/links/6920b10babe27c41e5144479/Leveraging-LLMs-for-Non-Security-Experts-in-Threat-Hunting-Detecting-Living-off-the-Land-Techniques.pdf?_tp=eyJjb250ZXh0Ijp7ImZpcnN0UGFnZSI6Il9kaXJlY3QiLCJwYWdlIjoicHVibGljYXRpb25Eb3dubG9hZCIsInByZXZpb3VzUGFnZSI6InB1YmxpY2F0aW9uIn19
M18,binary_prevalance_first_seen_discovery,"Binary prevalance & ""First Seen"" discovery","The technique aids in identifying the first time a specific file (SHA-256 hash or file name) is executed anywhere in the organization. By baselining unique hashes seen across the entire assets fleet over 30-45 days, low prevelance binaries that appear on 1-2 machines can be isolated. These low-prevelance binaries could mean custom compiled malware, unauthorized tools (remote connection) or unidentified binary (antivirus signature). ",,EDR,https://www.elastic.co/kr/pdf/elastic-guide-to-threat-hunting
M19,persistence_discovery_suspicious_auto_run_files,Persistence Discovery: Suspicious Auto-Run Files,"As most malware want to achieve persistence on the victim systems, the focus is here on the Registry and File System locations that Windows uses to automatically start programs.",,EDR/Windows Events/SIEM,https://docs.specterops.io/ghostpack-docs/SharpUp-mdx/checks/registryautoruns https://www.cyberark.com/resources/threat-research-blog/persistence-techniques-that-persist
M20,suspicious_browser_extensions_to_collect_and_exfiltrate_sensitive_data,Suspicious browser extensions to collect and exfiltrate sensitive data,Browser extension or VS Code extensions,,,
M21,punycode_encoded_international_domain_names,Punycode-encoded International Domain Names,"Punycode-encoded International Domain Names (IDNs) with the ""xn--"" prefix in DNS queries to masquerade visually similar domain names that impersonate legitimate services for credential harvesting and malware delivery",,,
M22,vpn_remote_access_abuse,VPN/Remote access abuse,"This use case focuses on detecting abuse of VPN/remote access after credential theft or by insiders, using user behavior analytics on enriched VPN and auth logs. The model learns each user's ""normal"" geo, time, and data‑volume patterns, then flags anomalies such as unusual or first‑time countries/ASNs, impossible‑travel logins, atypical hours (e.g. 3AM for a 9–5 user), and abnormal post‑VPN data transfer, often combining time‑series and geo‑anomaly analysis on VPN, authentication, and NetFlow logs with Geo‑IP enrichment.",,,
M23,dns_url_anomaly_analysis,DNS & URL suspicion analysis,"Reads CSV files from input/ (recursively) and flags potentially suspicious DNS questions and abnormal URL access. Uses rule-based scoring (Shannon entropy, suspicious keywords, risky TLDs, punycode/base64 decoding) and detection logics to surface anomalies.",,EDR logs / DNS-URL CSV,
M24,network_beaconing_jittered,Network beaconing (jittered),"Add details on network beaconing detection with randomized (jittered) timing patterns. Discuss the challenges of identifying periodic C2 beacons when attackers use jitter to evade fixed-interval detection, and suggest ML or rule-based approaches to address this evasion technique.",,,
M25,abnormal_dll_loading_common_applications,"Abnormal DLL loading in common applications (e.g. Teams, Edge)","Hunt for DLL or module loads that are unusual for high-prevalence user applications such as Microsoft Teams, Microsoft Edge, and other common IM or browser processes. Baseline typical image paths, publishers, and load frequency for each process across the fleet, then prioritize rare paths (e.g. user profile, temp, non-standard app directories), unsigned or low-prevalence binaries, side-loading adjacent to legitimate binaries, and loads that diverge from peer hosts. Useful for DLL hijacking, search-order hijacking, and blending malicious code with trusted application activity.",frequency or prevalence baselining; rare-path or rare-module scoring; optional peer-based anomaly comparison,EDR module/image load telemetry (e.g. Sysmon Event ID 7); Windows process loading events,https://attack.mitre.org/techniques/T1574/002/
M26,process_memory_allocation_anomaly_scoring,Process Memory Allocation Anomaly Scoring,"Detect process memory injection techniques such as Process Hollowing, DLL Injection, and reflective DLL loading by isolating processes that exhibit anomalous memory allocation profiles. By monitoring dynamic memory adjustments on endpoints, threat hunters can uncover stealthy implants, packing, and beaconing code that bypass traditional on-disk antivirus checks.","Unsupervised Clustering (e.g. K-Means, DBSCAN), Anomaly Detection (e.g. Isolation Forest, Autoencoders), Feature extraction from endpoint memory telemetry includes page protection transitions (e.g. RWX/RX allocation status), total allocation sizes, memory page state, and thread start addresses referencing unmapped memory. These features are scored using an Isolation Forest to rank anomalous process allocations, or clustered using DBSCAN to isolate rare execution profiles across host clusters.","Endpoint Detection & Response (EDR) logs, Windows Event logs, Windows Sysmon Event ID 8 (CreateRemoteThread) and Event ID 10 (ProcessAccess); Microsoft Defender for Endpoint (MDE) DeviceEvents (ActionTypes: CreateRemoteThreadApiCall, NtMapViewOfSectionRemoteApiCall, QueueUserApcApiCall, OpenProcessApiCall, VirtualAllocApiCall, VirtualProtectApiCall); CrowdStrike Falcon Event Streams (event_simpleName: InjectedThread, ProcessRollup2); SentinelOne Deep Visibility (event.type: Remote Thread Creation, Open Remote Process Handle, Process Modification); or OS-native memory allocation events (e.g., Event Tracing for Windows - ETW).","MITRE ATT&CK T1055 (Process Injection), elastic guide to threat hunting in-memory detection."
M27,github_pat_reuse_anomalous_network_context,GitHub PAT reuse in anomalous network context,"Detect potential theft and reuse of GitHub Personal Access Tokens by baselining each PAT's normal countries, network carriers/ASNs, and user-agent families, then flagging suspicious reuse from unusual geolocation and client context. Includes travel-velocity checks between consecutive token uses and score-based prioritization for takeover-like activity.",behavioral baselining + anomaly scoring,GitHub audit logs / PAT usage telemetry,https://docs.github.com/en/enterprise-cloud@latest/admin/monitoring-activity-in-your-enterprise/auditing-the-audit-log
